[{"pos_x": 74.2925, "pos_y": -113.975, "rotation": -10.0, "side": "top", "designator": "MX20", "mpn": null, "pack": "MXOnly-1U-Hotswap", "value": "MX-NoLED", "mount_type": "smt"}, {"pos_x": 262.73125, "pos_y": -141.3775, "rotation": 10.0, "side": "top", "designator": "MX74", "mpn": null, "pack": "MXOnly-1U-Hotswap", "value": "MX-NoLED", "mount_type": "smt"}, {"pos_x": 255.27, "pos_y": -68.453, "rotation": 0.0, "side": "top", "designator": "H2", "mpn": null, "pack": "", "value": "", "mount_type": "smt"}, {"pos_x": 176.2125, "pos_y": -147.6375, "rotation": 180.0, "side": "top", "designator": "MX72", "mpn": null, "pack": "MXOnly-2U-Hotswap", "value": "MX-NoLED", "mount_type": "smt"}, {"pos_x": 93.6925, "pos_y": -113.815, "rotation": -10.0, "side": "top", "designator": "MX60", "mpn": null, "pack": "MXOnly-1U-Hotswap", "value": "MX-NoLED", "mount_type": "smt"}, {"pos_x": 168.7225, "pos_y": -127.065, "rotation": -10.0, "side": "top", "designator": "MX62", "mpn": null, "pack": "MXOnly-1U-Hotswap", "value": "MX-NoLED", "mount_type": "smt"}, {"pos_x": 277.1475, "pos_y": -113.565, "rotation": 10.0, "side": "top", "designator": "MX24", "mpn": null, "pack": "MXOnly-1U-Hotswap", "value": "MX-NoLED", "mount_type": "smt"}, {"pos_x": 273.8175, "pos_y": -94.765, "rotation": 10.0, "side": "top", "designator": "MX14", "mpn": null, "pack": "MXOnly-1U-Hotswap", "value": "MX-NoLED", "mount_type": "smt"}, {"pos_x": 322.3399, "pos_y": -92.5208, "rotation": 0.0, "side": "top", "designator": "HOLE", "mpn": null, "pack": "PKRH", "value": "VAL**", "mount_type": null}, {"pos_x": 252.3975, "pos_y": -82.765, "rotation": 10.0, "side": "top", "designator": "MX43", "mpn": null, "pack": "MXOnly-1U-Hotswap", "value": "MX-NoLED", "mount_type": "smt"}, {"pos_x": 146.84375, "pos_y": -141.4175, "rotation": 80.0, "side": "top", "designator": "REF**", "mpn": null, "pack": "MX125", "value": "MX125", "mount_type": "tht"}, {"pos_x": 153.8825, "pos_y": -101.575, "rotation": -10.0, "side": "top", "designator": "MX12", "mpn": null, "pack": "MXOnly-1U-Hotswap", "value": "MX-NoLED", "mount_type": "smt"}, {"pos_x": 135.7325, "pos_y": -94.795, "rotation": -10.0, "side": "top", "designator": "MX51", "mpn": null, "pack": "MXOnly-1U-Hotswap", "value": "MX-NoLED", "mount_type": "smt"}, {"pos_x": 281.29125, "pos_y": -137.0075, "rotation": 10.0, "side": "top", "designator": "MX35", "mpn": null, "pack": "MXOnly-1U-Hotswap", "value": "MX-NoLED", "mount_type": "smt"}, {"pos_x": 154.305, "pos_y": -68.453, "rotation": 0.0, "side": "top", "designator": "H2", "mpn": null, "pack": "", "value": "", "mount_type": "smt"}, {"pos_x": 335.2575, "pos_y": -113.975, "rotation": 10.0, "side": "top", "designator": "MX65", "mpn": null, "pack": "MXOnly-1U-Hotswap", "value": "MX-NoLED", "mount_type": "smt"}, {"pos_x": 119.6825, "pos_y": -76.185, "rotation": -10.0, "side": "top", "designator": "MX01", "mpn": null, "pack": "MXOnly-1U-Hotswap", "value": "MX-NoLED", "mount_type": "smt"}, {"pos_x": 252.7894, "pos_y": -149.8207, "rotation": 0.0, "side": "top", "designator": "HOLE", "mpn": null, "pack": "PKRH", "value": "VAL**", "mount_type": null}, {"pos_x": 289.9175, "pos_y": -76.165, "rotation": 10.0, "side": "top", "designator": "MX44", "mpn": null, "pack": "MXOnly-1U-Hotswap", "value": "MX-NoLED", "mount_type": "smt"}, {"pos_x": 328.6275, "pos_y": -76.455, "rotation": 10.0, "side": "top", "designator": "MX45", "mpn": null, "pack": "MXOnly-1U-Hotswap", "value": "MX-NoLED", "mount_type": "smt"}, {"pos_x": 80.9425, "pos_y": -76.455, "rotation": 170.0, "side": "top", "designator": "MX00", "mpn": null, "pack": "MXOnly-1U-Hotswap", "value": "MX-NoLED", "mount_type": "smt"}, {"pos_x": 139.0525, "pos_y": -76.045, "rotation": -10.0, "side": "top", "designator": "MX41", "mpn": null, "pack": "MXOnly-1U-Hotswap", "value": "MX-NoLED", "mount_type": "smt"}, {"pos_x": 171.45, "pos_y": -147.6375, "rotation": 0.0, "side": "top", "designator": "MX72.150", "mpn": null, "pack": "MXOnly-1.5U-Hotswap", "value": "MX-NoLED", "mount_type": "smt"}, {"pos_x": 204.7875, "pos_y": -126.20625, "rotation": 0.0, "side": "top", "designator": "J1", "mpn": null, "pack": "SSD1306_OLED", "value": "OLED", "mount_type": "tht"}, {"pos_x": 63.7489, "pos_y": -121.1212, "rotation": 0.0, "side": "top", "designator": "HOLE", "mpn": null, "pack": "PKRHSL", "value": "VAL**", "mount_type": null}, {"pos_x": 113.0325, "pos_y": -113.705, "rotation": -10.0, "side": "top", "designator": "MX21", "mpn": null, "pack": "MXOnly-1U-Hotswap", "value": "MX-NoLED", "mount_type": "smt"}, {"pos_x": 175.3725, "pos_y": -89.545, "rotation": -10.0, "side": "top", "designator": "MX42", "mpn": null, "pack": "MXOnly-1U-Hotswap", "value": "MX-NoLED", "mount_type": "smt"}, {"pos_x": 150.5725, "pos_y": -120.305, "rotation": -10.0, "side": "top", "designator": "MX22", "mpn": null, "pack": "MXOnly-1U-Hotswap", "value": "MX-NoLED", "mount_type": "smt"}, {"pos_x": 240.8675, "pos_y": -127.045, "rotation": 10.0, "side": "top", "designator": "MX23", "mpn": null, "pack": "MXOnly-1U-Hotswap", "value": "MX-NoLED", "mount_type": "smt"}, {"pos_x": 172.0325, "pos_y": -108.295, "rotation": -10.0, "side": "top", "designator": "MX52", "mpn": null, "pack": "MXOnly-1U-Hotswap", "value": "MX-NoLED", "mount_type": "smt"}, {"pos_x": 262.73125, "pos_y": -141.3775, "rotation": 100.0, "side": "top", "designator": "REF**", "mpn": null, "pack": "MX125", "value": "MX125", "mount_type": "tht"}, {"pos_x": 128.26375, "pos_y": -137.0075, "rotation": -10.0, "side": "top", "designator": "MX70", "mpn": null, "pack": "MXOnly-1U-Hotswap", "value": "MX-NoLED", "mount_type": "smt"}, {"pos_x": 270.5275, "pos_y": -76.025, "rotation": 10.0, "side": "top", "designator": "MX04", "mpn": null, "pack": "MXOnly-1U-Hotswap", "value": "MX-NoLED", "mount_type": "smt"}, {"pos_x": 96.9725, "pos_y": -95.065, "rotation": 170.0, "side": "top", "designator": "MX50", "mpn": null, "pack": "MXOnly-1U-Hotswap", "value": "MX-NoLED", "mount_type": "smt"}, {"pos_x": 258.9975, "pos_y": -120.285, "rotation": 10.0, "side": "top", "designator": "MX63", "mpn": null, "pack": "MXOnly-1U-Hotswap", "value": "MX-NoLED", "mount_type": "smt"}, {"pos_x": 190.49, "pos_y": -111.62, "rotation": 0.0, "side": "top", "designator": "HOLE", "mpn": null, "pack": "PKRH", "value": "VAL**", "mount_type": null}, {"pos_x": 315.8875, "pos_y": -113.835, "rotation": 10.0, "side": "top", "designator": "MX25", "mpn": null, "pack": "MXOnly-1U-Hotswap", "value": "MX-NoLED", "mount_type": "smt"}, {"pos_x": 237.5175, "pos_y": -108.275, "rotation": 10.0, "side": "top", "designator": "MX13", "mpn": null, "pack": "MXOnly-1U-Hotswap", "value": "MX-NoLED", "mount_type": "smt"}, {"pos_x": 77.6125, "pos_y": -95.185, "rotation": 170.0, "side": "top", "designator": "MX10", "mpn": null, "pack": "MXOnly-1U-Hotswap", "value": "MX-NoLED", "mount_type": "smt"}, {"pos_x": 312.5775, "pos_y": -95.065, "rotation": 10.0, "side": "top", "designator": "MX15", "mpn": null, "pack": "MXOnly-1U-Hotswap", "value": "MX-NoLED", "mount_type": "smt"}, {"pos_x": 234.2475, "pos_y": -89.545, "rotation": 10.0, "side": "top", "designator": "MX03", "mpn": null, "pack": "MXOnly-1U-Hotswap", "value": "MX-NoLED", "mount_type": "smt"}, {"pos_x": 204.7875, "pos_y": -147.6375, "rotation": -90.0, "side": "top", "designator": "SWR1", "mpn": null, "pack": "RotaryEncoder_EC11", "value": "RotaryEncoder_Switch", "mount_type": "tht"}, {"pos_x": 238.125, "pos_y": -147.6475, "rotation": 0.0, "side": "top", "designator": "MX34.150", "mpn": null, "pack": "MXOnly-1.5U-Hotswap", "value": "MX-NoLED", "mount_type": "smt"}, {"pos_x": 309.2875, "pos_y": -76.295, "rotation": 10.0, "side": "top", "designator": "MX05", "mpn": null, "pack": "MXOnly-1U-Hotswap", "value": "MX-NoLED", "mount_type": "smt"}, {"pos_x": 132.41712, "pos_y": -113.553371, "rotation": -10.0, "side": "top", "designator": "MX61", "mpn": null, "pack": "MXOnly-1U-Hotswap", "value": "MX-NoLED", "mount_type": "smt"}, {"pos_x": 157.2025, "pos_y": -82.835, "rotation": -10.0, "side": "top", "designator": "MX02", "mpn": null, "pack": "MXOnly-1U-Hotswap", "value": "MX-NoLED", "mount_type": "smt"}, {"pos_x": 281.29125, "pos_y": -137.0075, "rotation": 100.0, "side": "top", "designator": "REF**", "mpn": null, "pack": "MX150", "value": "MX150", "mount_type": "tht"}, {"pos_x": 100.3325, "pos_y": -76.345, "rotation": -10.0, "side": "top", "designator": "MX40", "mpn": null, "pack": "MXOnly-1U-Hotswap", "value": "MX-NoLED", "mount_type": "smt"}, {"pos_x": 116.3725, "pos_y": -94.905, "rotation": -10.0, "side": "top", "designator": "MX11", "mpn": null, "pack": "MXOnly-1U-Hotswap", "value": "MX-NoLED", "mount_type": "smt"}, {"pos_x": 293.2475, "pos_y": -94.905, "rotation": 10.0, "side": "top", "designator": "MX54", "mpn": null, "pack": "MXOnly-1U-Hotswap", "value": "MX-NoLED", "mount_type": "smt"}, {"pos_x": 233.3625, "pos_y": -147.6375, "rotation": 180.0, "side": "top", "designator": "MX34", "mpn": null, "pack": "MXOnly-2U-Hotswap", "value": "MX-NoLED", "mount_type": "smt"}, {"pos_x": 331.9675, "pos_y": -95.185, "rotation": -170.0, "side": "top", "designator": "MX55", "mpn": null, "pack": "MXOnly-1U-Hotswap", "value": "MX-NoLED", "mount_type": "smt"}, {"pos_x": 255.6875, "pos_y": -101.535, "rotation": 10.0, "side": "top", "designator": "MX53", "mpn": null, "pack": "MXOnly-1U-Hotswap", "value": "MX-NoLED", "mount_type": "smt"}, {"pos_x": 296.5375, "pos_y": -113.675, "rotation": 10.0, "side": "top", "designator": "MX64", "mpn": null, "pack": "MXOnly-1U-Hotswap", "value": "MX-NoLED", "mount_type": "smt"}, {"pos_x": 204.7875, "pos_y": -147.6375, "rotation": 0.0, "side": "top", "designator": "MX73", "mpn": null, "pack": "MXOnly-1U-Hotswap", "value": "MX-NoLED", "mount_type": "smt"}, {"pos_x": 345.8312, "pos_y": -121.1212, "rotation": 0.0, "side": "top", "designator": "HOLE", "mpn": null, "pack": "PKRHSL", "value": "VAL**", "mount_type": null}, {"pos_x": 87.4893, "pos_y": -92.5208, "rotation": 0.0, "side": "top", "designator": "HOLE", "mpn": null, "pack": "PKRHC", "value": "VAL**", "mount_type": null}, {"pos_x": 146.84375, "pos_y": -141.4175, "rotation": -10.0, "side": "top", "designator": "MX71", "mpn": null, "pack": "MXOnly-1U-Hotswap", "value": "MX-NoLED", "mount_type": "smt"}, {"pos_x": 156.7856, "pos_y": -149.8207, "rotation": 0.0, "side": "top", "designator": "H2", "mpn": null, "pack": "", "value": "", "mount_type": "smt"}, {"pos_x": 128.26375, "pos_y": -137.0075, "rotation": 80.0, "side": "top", "designator": "REF**", "mpn": null, "pack": "MX150", "value": "MX150", "mount_type": "tht"}, {"pos_x": 300.83125, "pos_y": -83.34375, "rotation": -90.0, "side": "bottom", "designator": "D18", "mpn": null, "pack": "SOT-23_Handsoldering", "value": "BAV70", "mount_type": "smt"}, {"pos_x": 80.49, "pos_y": -63.0725, "rotation": 0.0, "side": "bottom", "designator": "USB1", "mpn": null, "pack": "HRO-TYPE-C-31-M-12-Assembly", "value": "USB-TYPE-C", "mount_type": "smt"}, {"pos_x": 186.53125, "pos_y": -96.04375, "rotation": -90.0, "side": "bottom", "designator": "D10", "mpn": null, "pack": "SOT-23_Handsoldering", "value": "BAV70", "mount_type": "smt"}, {"pos_x": 284.1625, "pos_y": -100.0125, "rotation": -90.0, "side": "bottom", "designator": "D15", "mpn": null, "pack": "SOT-23_Handsoldering", "value": "BAV70", "mount_type": "smt"}, {"pos_x": 91.28125, "pos_y": -84.93125, "rotation": -90.0, "side": "bottom", "designator": "D0", "mpn": null, "pack": "SOT-23_Handsoldering", "value": "BAV70", "mount_type": "smt"}, {"pos_x": 160.3375, "pos_y": -134.9375, "rotation": -90.0, "side": "bottom", "designator": "D9", "mpn": null, "pack": "SOT-23_Handsoldering", "value": "BAV70", "mount_type": "smt"}, {"pos_x": 186.96, "pos_y": -69.85, "rotation": 0.0, "side": "bottom", "designator": "JST1", "mpn": null, "pack": "JST_PH2_TH", "value": "Conn_01x02_Female", "mount_type": "tht"}, {"pos_x": 84.93125, "pos_y": -119.85625, "rotation": -90.0, "side": "bottom", "designator": "D2", "mpn": null, "pack": "SOT-23_Handsoldering", "value": "BAV70", "mount_type": "smt"}, {"pos_x": 136.906, "pos_y": -144.145, "rotation": -90.0, "side": "bottom", "designator": "D6", "mpn": null, "pack": "SOT-23_Handsoldering", "value": "BAV70", "mount_type": "smt"}, {"pos_x": 192.88125, "pos_y": -150.8125, "rotation": -90.0, "side": "bottom", "designator": "D13", "mpn": null, "pack": "SOT-23_Handsoldering", "value": "BAV70", "mount_type": "smt"}, {"pos_x": 111.125, "pos_y": -83.34375, "rotation": -90.0, "side": "bottom", "designator": "D3", "mpn": null, "pack": "SOT-23_Handsoldering", "value": "BAV70", "mount_type": "smt"}, {"pos_x": 183.35625, "pos_y": -114.3, "rotation": -90.0, "side": "bottom", "designator": "D11", "mpn": null, "pack": "SOT-23_Handsoldering", "value": "BAV70", "mount_type": "smt"}, {"pos_x": 204.7875, "pos_y": -84.062, "rotation": -90.0, "side": "bottom", "designator": "U1", "mpn": null, "pack": "Elite-C-castellated-29pin-holes", "value": "Elite-C", "mount_type": "tht"}, {"pos_x": 166.6875, "pos_y": -97.63125, "rotation": -90.0, "side": "bottom", "designator": "D7", "mpn": null, "pack": "SOT-23_Handsoldering", "value": "BAV70", "mount_type": "smt"}, {"pos_x": 181.229, "pos_y": -69.85, "rotation": -90.0, "side": "bottom", "designator": "R2", "mpn": null, "pack": "R_Axial_DIN0204_L3.6mm_D1.6mm_P5.08mm_Horizontal", "value": "5.1K", "mount_type": "tht"}, {"pos_x": 288.13125, "pos_y": -119.85625, "rotation": -90.0, "side": "bottom", "designator": "D16", "mpn": null, "pack": "SOT-23_Handsoldering", "value": "BAV70", "mount_type": "smt"}, {"pos_x": 88.10625, "pos_y": -103.98125, "rotation": -90.0, "side": "bottom", "designator": "D1", "mpn": null, "pack": "SOT-23_Handsoldering", "value": "BAV70", "mount_type": "smt"}, {"pos_x": 280.9875, "pos_y": -81.75625, "rotation": -90.0, "side": "bottom", "designator": "D14", "mpn": null, "pack": "SOT-23_Handsoldering", "value": "BAV70", "mount_type": "smt"}, {"pos_x": 104.775, "pos_y": -119.85625, "rotation": -90.0, "side": "bottom", "designator": "D5", "mpn": null, "pack": "SOT-23_Handsoldering", "value": "BAV70", "mount_type": "smt"}, {"pos_x": 180.18125, "pos_y": -133.35, "rotation": -90.0, "side": "bottom", "designator": "D12", "mpn": null, "pack": "SOT-23_Handsoldering", "value": "BAV70", "mount_type": "smt"}, {"pos_x": 163.5125, "pos_y": -115.8875, "rotation": -90.0, "side": "bottom", "designator": "D8", "mpn": null, "pack": "SOT-23_Handsoldering", "value": "BAV70", "mount_type": "smt"}, {"pos_x": 273.05, "pos_y": -146.05, "rotation": -90.0, "side": "bottom", "designator": "D17", "mpn": null, "pack": "SOT-23_Handsoldering", "value": "BAV70", "mount_type": "smt"}, {"pos_x": 209.789164, "pos_y": -126.349367, "rotation": 180.0, "side": "bottom", "designator": "G***", "mpn": null, "pack": "outline", "value": "LOGO", "mount_type": null}, {"pos_x": 307.975, "pos_y": -120.3452, "rotation": -90.0, "side": "bottom", "designator": "D20", "mpn": null, "pack": "SOT-23_Handsoldering", "value": "BAV70", "mount_type": "smt"}, {"pos_x": 209.87, "pos_y": -126.62, "rotation": 180.0, "side": "bottom", "designator": "G***", "mpn": null, "pack": "text", "value": "LOGO", "mount_type": null}, {"pos_x": 304.00625, "pos_y": -101.6, "rotation": -90.0, "side": "bottom", "designator": "D19", "mpn": null, "pack": "SOT-23_Handsoldering", "value": "BAV70", "mount_type": "smt"}, {"pos_x": 107.95, "pos_y": -102.39375, "rotation": -90.0, "side": "bottom", "designator": "D4", "mpn": null, "pack": "SOT-23_Handsoldering", "value": "BAV70", "mount_type": "smt"}, {"pos_x": 280.19375, "pos_y": -146.685, "rotation": -90.0, "side": "bottom", "designator": "D21", "mpn": null, "pack": "SOT-23_Handsoldering", "value": "BAV70", "mount_type": "smt"}, {"pos_x": 178.5366, "pos_y": -69.85, "rotation": -90.0, "side": "bottom", "designator": "R3", "mpn": null, "pack": "R_Axial_DIN0204_L3.6mm_D1.6mm_P5.08mm_Horizontal", "value": "5.1K", "mount_type": "tht"}, {"pos_x": 186.833, "pos_y": -78.779, "rotation": 0.0, "side": "bottom", "designator": "JP1", "mpn": null, "pack": "SolderJumper-2_P1.3mm_Open_RoundedPad1.0x1.5mm", "value": "RAW_JP", "mount_type": null}]